Date,Open,High,Low,Close,Adj Close,Volume
2016-04-01,25980,26180,25420,25580,22242.25781,13557800
2016-04-04,25580,26100,25580,26100,22694.39844,9402300
2016-04-05,25980,25980,25200,25200,21911.83789,11815950
2016-04-06,25380,25820,25360,25700,22346.59375,9211700
2016-04-07,26000,26000,25160,25380,22068.34766,12939750
2016-04-08,25380,25380,24800,24920,21668.37109,12593400
2016-04-11,24920,25420,24920,25320,22016.17773,6034650
2016-04-12,25400,25620,25320,25500,22172.69141,6702700
2016-04-14,26000,26040,25780,26000,22607.44727,16766350
2016-04-15,26180,26200,25800,26000,22607.44727,6829950
2016-04-18,25900,26100,25840,25980,22590.06055,6423700
2016-04-19,25880,25920,25660,25760,22398.76758,7238300
2016-04-20,25640,26000,25640,25980,22590.06055,8598600
2016-04-21,26000,26020,25760,25880,22503.10547,7254450
2016-04-22,25880,25880,25540,25600,22259.64258,5741500
2016-04-25,25700,25700,25420,25620,22277.03125,4597850
2016-04-26,25700,26100,25660,25920,22537.88867,8345050
2016-04-27,25880,26000,25720,26000,22607.44727,8297300
2016-04-28,26000,26000,25220,25300,21998.78711,14653450
2016-04-29,25200,25340,24840,24900,21650.98047,16253900
2016-05-02,24940,25240,24900,25000,21737.93164,7027600
2016-05-03,25340,25400,25120,25220,21929.22852,7903300
2016-05-04,25440,25800,25240,25800,22433.54297,14702750
2016-05-09,25800,26000,25700,25980,22590.06055,13718100
2016-05-10,25980,26000,25760,25920,22537.88867,8559550
2016-05-11,25920,25980,25740,25840,22468.33008,8834400
2016-05-12,25840,25840,25500,25620,22277.03125,7615100
2016-05-13,25620,25620,25020,25060,21790.10352,12284900
2016-05-16,25060,25260,24940,24960,21703.1543,11720150
2016-05-17,24980,25300,24980,25280,21981.40039,9183550
2016-05-18,25280,25420,25100,25360,22050.95703,9169600
2016-05-19,25360,25540,25320,25400,22085.74023,10012450
2016-05-20,25400,25600,25380,25380,22068.34766,7960550
2016-05-23,25380,25720,25380,25720,22363.98047,8112550
2016-05-24,25720,25780,25360,25420,22103.12891,10434600
2016-05-25,25660,25960,25480,25900,22520.5,11862750
2016-05-26,25980,26060,25900,25920,22537.88867,12653650
2016-05-27,26000,26020,25460,25640,22294.41992,13744550
2016-05-30,25940,25940,25480,25600,22259.64258,10315350
2016-05-31,25600,26000,25360,25840,22468.33008,62527700
2016-06-01,25960,26820,25900,26660,23181.33203,23504000
2016-06-02,27000,27440,26920,27300,23737.82422,23806950
2016-06-03,27400,27580,27280,27540,23946.50195,17066200
2016-06-07,27720,28040,27600,27960,24311.70508,23142150
2016-06-08,28380,28380,27780,28120,24450.82813,18808100
2016-06-09,28160,28600,28120,28600,24868.19922,25768750
2016-06-10,28480,28500,28080,28120,24450.82813,14484050
2016-06-13,27920,27920,27240,27420,23842.16406,15248300
2016-06-14,27420,27720,27380,27600,23998.67773,12273050
2016-06-15,27700,28320,27660,28260,24572.55664,15334450
2016-06-16,28260,28340,27900,28180,24502.99609,14621550
2016-06-17,28200,28700,28200,28520,24798.63281,16419700
2016-06-20,28540,28960,28520,28620,24885.58398,13515800
2016-06-21,28640,28980,28520,28960,25181.21875,10020550
2016-06-22,28920,29000,28620,28900,25129.04688,8948250
2016-06-23,28880,28900,28540,28600,24868.19922,11256300
2016-06-24,28900,28900,27200,28000,24346.48242,20552600
2016-06-27,28000,28100,27700,27960,24311.70508,11839000
2016-06-28,27800,28080,27580,27980,24329.09766,10718950
2016-06-29,28160,28240,27820,27920,24294.28711,10527050
2016-06-30,28160,28900,27940,28500,24798.9668,13671700
2016-07-01,28540,29580,28540,29320,25512.48047,14393600
2016-07-04,29280,29480,29020,29320,25512.48047,7995000
2016-07-05,29320,29500,29240,29380,25564.69336,7870350
2016-07-06,28940,29040,28240,28420,24729.35742,16749150
2016-07-07,28420,29000,28320,29000,25234.03711,11495200
2016-07-08,29000,29500,28980,29200,25408.06445,13498150
2016-07-11,29200,30000,29200,29780,25912.74219,14056800
2016-07-12,29980,30100,29200,29280,25477.67773,11024700
2016-07-13,29920,29920,29260,29620,25773.52344,10009900
2016-07-14,29620,30000,29520,30000,26104.17969,12430250
2016-07-15,30000,30440,29720,30360,26417.42969,11623150
2016-07-18,30360,30660,30000,30660,26678.4707,11567200
2016-07-19,30560,30800,30440,30660,26678.4707,10122250
2016-07-20,30660,30840,30480,30800,26800.28906,7773150
2016-07-21,30800,30940,30740,30860,26852.49609,8544700
2016-07-22,30120,30560,30120,30320,26382.625,8585150
2016-07-25,30000,30460,29900,30040,26138.98047,7732500
2016-07-26,30000,30620,29960,30600,26626.25977,7228500
2016-07-27,30240,30580,30240,30540,26574.05078,6335050
2016-07-28,30660,30720,29960,30140,26225.99609,9503700
2016-07-29,30400,31140,30220,30780,26782.88477,14985600
2016-08-01,31380,31600,31200,31360,27287.57227,11515400
2016-08-02,31360,31360,30920,30960,26939.50977,8315800
2016-08-03,30960,30960,30340,30340,26400.02148,7504900
2016-08-04,30380,30660,30340,30340,26400.02148,7009950
2016-08-05,30580,31280,30500,31220,27165.75391,6958850
2016-08-08,31320,31500,31120,31380,27304.96875,11125150
2016-08-09,31480,31580,31140,31340,27270.16211,9023200
2016-08-10,31340,31400,30680,30820,26817.69336,12340350
2016-08-11,30820,31180,30520,31180,27130.94336,10533600
2016-08-12,31180,31400,30880,30900,26887.30664,10474850
2016-08-16,30900,31520,30900,31360,27287.57227,10843100
2016-08-17,31380,31400,31020,31320,27252.75781,7446450
2016-08-18,31340,32880,31320,32800,28540.56445,18327050
2016-08-19,32760,33500,32720,33500,29149.66211,16805150
2016-08-22,33480,33840,33180,33300,28975.63867,12612200
2016-08-23,33300,33880,33140,33740,29358.49609,11545700
2016-08-24,33600,33640,32720,33060,28766.80469,15938550
2016-08-25,32600,33180,32440,32780,28523.16797,14173800
2016-08-26,32120,32460,32060,32240,28053.28906,12058000
2016-08-29,32040,32800,31940,32800,28540.56445,8925750
2016-08-30,32940,33420,32660,32900,28627.57813,7849600
2016-08-31,32820,32820,32220,32400,28192.51172,20532200
2016-09-01,31660,31760,31260,31740,27618.21875,18790150
2016-09-02,31900,32260,31760,31940,27792.24609,8153000
2016-09-05,31800,32300,31700,32120,27948.87109,8383800
2016-09-06,32140,32900,31940,32860,28592.77539,7660150
2016-09-07,32960,33040,32420,32420,28209.91211,9591850
2016-09-08,32460,32780,32280,32780,28523.16797,12070850
2016-09-09,32220,32360,31280,31500,27409.38867,13258400
2016-09-12,29800,30120,29120,29300,25495.07813,26499350
2016-09-13,30160,30980,29900,30540,26574.05078,24717250
2016-09-19,30760,31380,30720,31160,27113.53711,22408150
2016-09-20,31180,31760,31180,31700,27583.41406,12921150
2016-09-21,31900,32020,31520,31840,27705.23242,10509050
2016-09-22,32000,32820,31980,32360,28157.70313,11429950
2016-09-23,31640,31960,31320,31420,27339.77539,18299650
2016-09-26,31420,31920,31280,31360,27287.57227,14524800
2016-09-27,31000,31500,30660,31380,27304.96875,9834400
2016-09-28,31080,31460,31080,31340,27270.16211,8706400
2016-09-29,31460,32380,31440,32000,27844.45508,11397550
2016-09-30,31800,32300,31700,31960,27809.64844,11762700
2016-10-04,32200,32480,32120,32280,28088.0918,13053100
2016-10-05,32020,32520,31940,32380,28175.11133,12470450
2016-10-06,33920,34000,33340,33820,29428.10742,29558150
2016-10-07,34000,34320,33800,34120,29689.1543,26050550
2016-10-10,33000,33780,32560,33600,29236.67578,25293300
2016-10-11,32000,32500,30900,30900,26887.30664,38427150
2016-10-12,29900,30900,29880,30700,26713.27148,39088550
2016-10-13,31000,31620,30900,31140,27096.13672,21864550
2016-10-14,30960,31760,30940,31540,27444.19141,14158950
2016-10-17,31300,32040,30760,31800,27670.42773,12785200
2016-10-18,31440,31900,31440,31780,27653.02148,10384500
2016-10-19,31580,32860,31500,32500,28279.52734,15444550
2016-10-20,32520,33020,32180,32400,28192.51172,10330450
2016-10-21,32120,32260,31760,31780,27653.02148,10477500
2016-10-24,31860,32160,31800,32160,27983.67969,9289950
2016-10-25,32000,32080,31840,31940,27792.24609,9866100
2016-10-26,31940,31980,31240,31340,27270.16211,10534000
2016-10-27,31420,32340,31120,31460,27374.58008,14117000
2016-10-28,31600,32280,31600,32280,28088.0918,10214200
2016-10-31,32320,32780,32220,32780,28523.16797,12067200
2016-11-01,32600,33040,32240,33040,28749.40234,10347400
2016-11-02,32800,33040,32620,32860,28592.77539,10099250
2016-11-03,32600,32800,32120,32320,28122.89648,10341850
2016-11-04,32100,32680,32100,32540,28314.33008,7103850
2016-11-07,32940,33000,32680,32800,28540.56445,7661900
2016-11-08,32980,32980,32700,32880,28610.17773,5417450
2016-11-09,32920,33140,31820,31920,27774.84766,15683600
2016-11-10,32600,33000,32360,32980,28697.19531,11795350
2016-11-11,31700,32360,31700,31960,27809.64844,12836800
2016-11-14,31900,31920,31040,31060,27026.52344,15133300
2016-11-15,31060,31620,30780,30780,26782.88477,13665700
2016-11-16,30800,31280,30800,31160,27113.53711,13308200
2016-11-17,31100,31520,30900,31360,27287.57227,7870550
2016-11-18,31640,31760,31400,31720,27600.81445,9460750
2016-11-21,31300,32120,31300,31860,27722.63672,8180200
2016-11-22,32140,32900,32000,32800,28540.56445,9751100
2016-11-23,33220,33220,32520,32980,28697.19531,12668600
2016-11-24,32980,33040,32660,33000,28714.59375,7757150
2016-11-25,32820,33040,32660,33000,28714.59375,6276900
2016-11-28,33000,33620,32800,33540,29184.4668,13294050
2016-11-29,33800,33960,33380,33540,29184.4668,18081300
2016-11-30,33540,34940,33540,34920,30385.26563,28535200
2016-12-01,34800,35060,34660,34980,30437.46875,15535350
2016-12-02,34480,34760,34140,34540,30054.60938,15352950
2016-12-05,34340,34680,34220,34360,29897.97852,8484600
2016-12-06,34440,35200,34400,34960,30420.07031,14001800
2016-12-07,35040,35480,35040,35440,30837.72852,9603650
2016-12-08,35980,36020,35520,35800,31150.98047,16462550
2016-12-09,35900,35900,35400,35600,30976.96094,10652450
2016-12-12,34660,35360,34660,35040,30489.68164,11414450
2016-12-13,34620,35440,34620,35320,30733.32031,11684450
2016-12-14,35560,35680,35280,35540,30924.74414,7455100
2016-12-15,34820,35500,34820,35180,30611.49805,5773550
2016-12-16,35300,36020,35200,35860,31203.18945,11747700
2016-12-19,35620,36380,35620,35900,31237.99805,5435800
2016-12-20,35920,36400,35840,36240,31533.84961,7615200
2016-12-21,36360,36600,36020,36100,31412.03516,6552100
2016-12-22,36260,36300,35980,36180,31481.63672,6354600
2016-12-23,36020,36080,35600,35640,31011.76172,8334850
2016-12-26,35600,36000,35560,35960,31290.20508,4823600
2016-12-27,35980,36200,35860,35980,31307.61133,4653450
2016-12-28,35840,35980,35600,35760,31599.20898,6662900
2016-12-29,35420,36040,35400,36040,31846.63477,7516450
2017-01-02,35980,36240,35880,36100,31899.6543,4650600
2017-01-03,36280,36620,36020,36480,32235.43945,7357650
2017-01-04,36500,36520,36100,36160,31952.66797,7971750
2017-01-05,36060,36060,35540,35560,31422.48242,10967450
2017-01-06,36180,36440,36040,36200,31988.01563,8880950
2017-01-09,36600,37500,36560,37220,32889.33984,13194900
2017-01-10,37280,37400,37080,37240,32907.00781,9099800
2017-01-11,37520,38560,37420,38280,33826.00781,12018150
2017-01-12,38000,38800,37980,38800,34285.48828,11669150
2017-01-13,38100,38320,37460,37460,33101.41016,15954450
2017-01-16,36860,37820,36320,36660,32394.49414,16611500
2017-01-17,36580,37460,36580,36960,32659.58398,8150700
2017-01-18,37040,37500,36620,36940,32641.91211,8875400
2017-01-19,37720,37920,37020,37480,33119.08984,9418900
2017-01-20,37120,37420,36880,37200,32871.66016,9185000
2017-01-23,37200,38060,37000,38060,33631.60156,8810400
2017-01-24,38120,38580,37880,38160,33719.95703,11048750
2017-01-25,38340,39400,38320,39400,34815.6875,13433850
2017-01-26,39420,40000,39420,39900,35257.51563,15214500
2017-01-31,39900,39900,39460,39460,34868.71094,17992200
2017-02-01,39540,39660,39040,39120,34568.26563,14150400
2017-02-02,39600,39660,39200,39360,34780.34375,15029300
2017-02-03,39400,39500,39180,39460,34868.71094,10386350
2017-02-06,39580,39660,39140,39560,34957.06641,8860700
2017-02-07,39560,39580,38760,38820,34303.17188,14041800
2017-02-08,38740,38780,38200,38400,33932.03516,17092950
2017-02-09,38780,38840,38220,38400,33932.03516,13694150
2017-02-10,38400,38760,38300,38360,33896.69531,11020750
2017-02-13,37740,38060,37720,37960,33543.23438,11102050
2017-02-14,37960,38260,37320,37580,33207.44531,13124150
2017-02-15,37080,37960,37080,37720,33331.15625,14191550
2017-02-16,37800,38360,37780,38020,33596.25781,10226350
2017-02-17,37560,38040,37280,37860,33454.86328,15377450
2017-02-20,38220,38780,38160,38660,34161.78906,7485800
2017-02-21,38540,39560,38420,38940,34409.21484,10562600
2017-02-22,39000,39340,38980,39300,34727.32813,8539450
2017-02-23,39020,39440,39020,39180,34621.28516,10217300
2017-02-24,38960,39100,38060,38220,33772.98047,9296850
2017-02-27,38020,38140,37700,38060,33631.60156,9033700
2017-02-28,38060,38760,37960,38440,33967.38672,15088700
2017-03-02,38420,39860,38420,39720,35098.44922,21249800
2017-03-03,39340,39720,39160,39620,35010.09375,12708700
2017-03-06,39220,40220,39220,40080,35416.57422,12234850
2017-03-07,39800,40320,39800,40200,35522.60156,10553250
2017-03-08,40200,40620,40140,40200,35522.60156,12140950
2017-03-09,40200,40300,40020,40200,35522.60156,14372250
2017-03-10,39960,40420,39860,40180,35504.92578,10227800
2017-03-13,40040,40980,40040,40600,35876.05859,7424100
2017-03-14,40620,41540,40500,41360,36547.63281,11325050
2017-03-15,40800,41440,40800,41400,36582.97656,9587850
2017-03-16,41800,42180,41540,41840,36971.78516,9933150
2017-03-17,41800,42500,41720,42400,37466.625,12602300
2017-03-20,42000,42120,41740,41900,37024.80859,10250050
2017-03-21,41780,42680,41760,42560,37608.01172,14220150
2017-03-22,41600,42460,41580,42460,37519.64453,16427250
2017-03-23,42200,42360,41700,41800,36936.4375,15397100
2017-03-24,41600,41980,41080,41500,36671.34766,12808150
2017-03-27,41200,41880,41180,41200,36406.25391,12177650
2017-03-28,41560,41840,41380,41480,36653.66797,8216250
2017-03-29,41740,41960,41580,41780,36918.77344,10093250
2017-03-30,41880,42440,41880,41980,37220.21484,8204000
2017-03-31,41820,42020,41200,41200,36528.65625,10500300
2017-04-03,41400,41720,41300,41440,36741.44141,9579400
2017-04-04,41600,42180,41520,42080,37308.88281,12255500
2017-04-05,41900,42240,41700,42140,37362.07813,10699700
2017-04-06,42000,42080,41600,41840,37096.08594,9683400
2017-04-07,41800,41820,41160,41600,36883.30078,10021000
2017-04-10,41940,41940,41500,41940,37184.76172,7141350
2017-04-11,41940,41940,41580,41600,36883.30078,7172900
2017-04-12,41860,41940,41700,41900,37149.28906,8274900
2017-04-13,41660,42460,41660,42420,37610.33203,9040800
2017-04-14,42160,42260,41760,42020,37255.68359,5462850
2017-04-17,42000,42080,41520,41560,36847.82813,5224750
2017-04-18,41680,41820,41280,41500,36794.64453,6860650
2017-04-19,41300,41420,40900,40900,36262.67578,11762900
2017-04-20,40580,40800,40080,40280,35712.96875,21148850
2017-04-21,40480,41400,40480,40760,36138.54297,15130500
2017-04-24,41260,41260,40920,41240,36564.125,8990150
2017-04-25,41460,42740,41320,42700,37858.59375,19299600
2017-04-26,42700,42800,42520,42800,37947.24219,14794800
2017-04-27,42700,44520,41960,43840,38869.32422,23032250
2017-04-28,45780,45800,44520,44620,39560.88672,22685700
2017-05-02,45500,45500,44760,44900,39809.14453,14068300
2017-05-04,45700,45700,44860,45520,40358.84375,13690100
2017-05-08,45520,47020,45340,47020,41688.77344,19582550
2017-05-10,46160,47220,45600,45600,40429.78125,23410950
2017-05-11,45420,46180,45220,45500,40341.11719,21277850
2017-05-12,45760,46160,45660,45820,40624.82422,9422900
2017-05-15,45620,46280,45620,46100,40873.08594,8001400
2017-05-16,46660,46800,46100,46380,41121.34375,8803750
2017-05-17,46120,46640,46100,46340,41085.86719,7424450
2017-05-18,45740,46000,45540,45940,40731.22266,11160350
2017-05-19,45640,45780,44720,44720,39649.54688,15762350
2017-05-22,45040,45380,44760,45100,39986.46094,17643550
2017-05-23,45400,45580,44900,44920,39826.87109,12607050
2017-05-24,44860,45300,44800,44880,39791.41016,8675400
2017-05-25,45160,45680,44800,45680,40500.70313,13044800
2017-05-26,45600,46460,45540,46080,40855.35547,13613650
2017-05-29,46220,46400,45380,45620,40447.51172,8739550
2017-05-30,45520,45660,44480,44640,39578.61719,12433600
2017-05-31,44580,45020,44400,44700,39631.82031,18669100
2017-06-01,44860,44900,44400,44680,39614.08594,9753500
2017-06-02,45060,45960,45000,45960,40748.96094,12488750
2017-06-05,46040,46360,45720,45940,40731.22266,7599400
2017-06-07,46500,46500,45240,45300,40163.79297,13729400
2017-06-08,45000,45580,45000,45160,40039.67188,13978750
2017-06-09,45680,46440,45600,46100,40873.08594,11732850
2017-06-12,45420,45600,45140,45380,40234.71875,10954300
2017-06-13,45140,45620,45140,45400,40252.45313,8624900
2017-06-14,45800,46060,45240,45360,40216.98438,10166700
2017-06-15,45680,45920,45180,45680,40500.70313,9657000
2017-06-16,45500,45940,45460,45580,40412.04688,17403450
2017-06-19,45580,46560,45560,46560,41280.92969,11303900
2017-06-20,47240,48140,47220,48140,42681.78906,15045000
2017-06-21,47740,48120,47480,47480,42096.60938,9973650
2017-06-22,47960,48080,47720,47960,42522.19531,11455800
2017-06-23,47600,47780,47420,47620,42220.74219,9515100
2017-06-26,47520,48360,47520,48280,42805.90625,8552800
2017-06-27,48220,48400,47900,48300,42823.64063,9616750
2017-06-28,47600,48000,47560,47700,42291.67188,9572500
2017-06-29,48040,48320,47940,47940,42629.57813,8306550
2017-06-30,47500,47620,47100,47540,42273.88281,11877550
2017-07-03,47500,47780,47120,47220,41989.33203,6805550
2017-07-04,47160,47400,46900,47000,41793.71484,7961000
2017-07-05,46820,47680,46780,47580,42309.45703,10640250
2017-07-06,48000,48100,47720,48060,42736.28516,10923050
2017-07-07,47740,48120,47620,47860,42558.4375,8131900
2017-07-10,48500,48900,48320,48660,43269.82422,10792750
2017-07-11,48640,49000,48280,49000,43572.16406,9717800
2017-07-12,49000,50000,48840,49880,44354.67969,9486150
2017-07-13,50080,50940,50040,50560,44959.35547,16034150
2017-07-14,51000,51080,50420,50480,44888.21484,8239000
2017-07-17,50900,51020,50520,50640,45030.48828,8976100
2017-07-18,50420,50880,50360,50840,45208.33984,7084450
2017-07-19,50620,50820,50000,50740,45119.41016,11157500
2017-07-20,50760,51320,50560,51200,45528.46484,8367600
2017-07-21,50860,51160,50520,51080,45421.75,8449050
2017-07-24,50700,51000,50620,50860,45226.125,7099750
2017-07-25,50500,50760,49940,50000,44461.39063,10810600
2017-07-26,49600,50020,49300,49840,44319.10938,11224800
2017-07-27,50000,50640,49560,49800,44283.54297,11449500
2017-07-28,49800,49800,47380,47760,42469.52344,26168300
2017-07-31,47420,48240,46920,48200,42860.77734,12701400
2017-08-01,48000,48840,47540,48600,43216.47266,11369500
2017-08-02,49200,49340,48600,49000,43572.16406,7777450
2017-08-03,49000,49000,47120,47780,42487.30469,15540800
2017-08-04,48160,48180,47500,47700,42416.15625,8359200
2017-08-07,47500,48080,47440,47580,42309.45703,7218250
2017-08-08,47980,48260,47480,47720,42433.94922,7979600
2017-08-09,47400,47400,46240,46280,41153.45703,14555400
2017-08-10,46200,46320,45460,45900,40815.55078,22986150
2017-08-11,45120,45300,44220,44620,39677.33984,25407300
2017-08-14,45120,45400,44720,45000,40015.25,19185600
2017-08-16,46220,46380,46000,46200,41082.32031,21913650
2017-08-17,46960,47300,46740,47040,41829.28125,12415850
2017-08-18,46760,47240,46240,46900,41704.77734,10477950
2017-08-21,47240,47240,46580,46840,41651.43359,5103450
2017-08-22,46820,47160,46700,47000,41793.71484,7381750
2017-08-23,47780,47780,47180,47480,42220.53125,9384700
2017-08-24,47520,47660,47340,47520,42256.10156,8657450
2017-08-25,47880,47880,46720,47020,41811.49609,11243550
2017-08-28,47020,47240,45960,46100,40993.40234,9962100
2017-08-29,45640,46080,45160,46080,40975.61328,12623650
2017-08-30,46380,46400,45960,46200,41082.32031,7513000
2017-08-31,46220,46640,46000,46320,41189.01953,11011700
2017-09-01,46460,46640,46300,46480,41331.30078,10641700
2017-09-04,45780,46360,45500,46040,40940.03516,7943500
2017-09-05,46240,46900,45960,46760,41580.28516,11716100
2017-09-06,46760,47180,46700,47000,41793.71484,10811050
2017-09-07,47000,48220,47000,48120,42789.63281,9676500
2017-09-08,48700,49180,48580,49080,43643.30078,10893000
2017-09-11,49700,50180,49500,49800,44283.54297,10374750
2017-09-12,50200,50220,49140,49600,44105.69922,12029750
2017-09-13,49820,50400,49440,49620,44123.48047,9357000
2017-09-14,50060,50320,49760,50300,44728.15625,14204750
2017-09-15,50300,50560,49860,50400,44817.08203,10757300
2017-09-18,50540,52480,50520,52480,46666.67188,11524950
2017-09-19,52500,52640,51780,52120,46346.55469,9850400
2017-09-20,52120,52500,51840,52220,46435.46875,9292750
2017-09-21,52220,52960,52220,52800,46951.21875,8839800
2017-09-25,53000,53680,53000,53620,47680.39453,9303100
2017-09-26,53620,53620,53620,53620,47680.39453,0
2017-09-27,52000,52200,51500,51680,45955.29297,10797000
2017-09-28,52260,52460,51260,51260,45705.63281,12025450
2017-09-29,51180,51620,50840,51280,45723.45703,12909400
2017-10-10,53360,53640,52800,52800,47078.76563,20519800
2017-10-11,53600,54760,53340,54640,48719.38672,13652150
2017-10-12,54840,55160,54100,54800,48862.04688,13890700
2017-10-13,54540,54840,53780,54000,48148.73438,12601650
2017-10-16,53980,54860,53760,53920,48077.40234,9769950
2017-10-17,54020,55380,54000,54800,48862.04688,10607800
2017-10-18,54820,55240,54040,54760,48826.38281,10110750
2017-10-19,54700,54700,52980,52980,47239.25781,12108700
2017-10-20,52800,54100,52800,53840,48006.05859,8027050
2017-10-23,54600,54640,54000,54300,48416.22656,8311050
2017-10-24,54700,54780,54040,54040,48184.40234,5806050
2017-10-25,54040,54420,53700,53900,48059.56641,5882850
2017-10-26,53720,53900,52400,52400,46722.10938,9776550
2017-10-27,52400,53320,52140,53080,47328.41797,7392500
2017-10-30,53780,54320,53700,54040,48184.40234,8196150
2017-10-31,54060,55440,53500,55080,49111.71094,13381550
2017-11-01,57500,57500,56180,57220,51019.81641,14510250
2017-11-02,57500,57520,56760,57060,50877.16406,10721050
2017-11-03,57060,57140,55860,56380,50270.84375,9935800
2017-11-06,56380,56500,55340,56380,50270.84375,9000950
2017-11-07,56380,56920,55860,56100,50021.18359,7464550
2017-11-08,56100,57060,55860,56760,50609.66797,8520200
2017-11-09,56920,56920,55900,56340,50235.18359,11994050
2017-11-10,55800,56540,55780,56400,50288.67578,6748800
2017-11-13,56400,56800,56100,56380,50270.84375,8806650
2017-11-14,56380,56740,55920,55920,49860.69531,6725000
2017-11-15,55920,56320,55320,55340,49343.53516,8816950
2017-11-16,55920,56320,55320,55340,49343.53516,8816950
2017-11-17,56400,56880,55820,55820,49771.52734,10733150
2017-11-20,55900,55980,55200,55200,49218.70313,9472750
2017-11-21,55400,55840,55280,55280,49290.03906,10324700
2017-11-22,55980,56200,55620,55960,49896.35156,7952950
2017-11-23,55980,56200,55620,55960,49896.35156,7952950
2017-11-24,55300,55500,55180,55460,49450.53516,4536200
2017-11-27,55360,55360,52640,52640,46936.09766,18128900
2017-11-28,52700,53280,51720,53280,47506.75,13499400
2017-11-29,53200,53240,52500,52600,46900.42969,9590250
2017-11-30,50800,51860,50200,50800,45295.47266,29634150
2017-12-01,50800,51780,50800,50840,45331.13672,12868600
2017-12-04,50840,51340,50020,51340,45776.96094,14865050
2017-12-05,50600,51300,50280,51260,45705.63281,9326550
2017-12-06,51260,51560,50020,50020,44599.99219,10889200
2017-12-07,50040,50980,50020,50740,45241.98047,11065600
2017-12-08,51360,52000,51040,52000,46365.45313,11290450
2017-12-11,52000,52040,51500,51780,46169.28125,8125850
2017-12-12,51820,52100,51660,52100,46454.61328,8765050
2017-12-13,52100,52100,51100,51320,45759.12891,11333700
2017-12-14,51320,52280,51060,51060,45527.30078,20310400
2017-12-15,51240,51480,50520,50620,45134.98047,14928550
2017-12-18,50620,51240,50620,51200,45652.13281,7350250
2017-12-19,51540,52080,51520,51560,45973.12891,11978600
2017-12-21,51000,51060,49100,49140,43815.34375,15624300
2017-12-22,49400,49960,49240,49700,44314.66406,11199650
2017-12-26,49760,50100,48200,48200,42977.20313,16039850
2017-12-27,48960,49560,48460,49360,44407.67188,10743600
2017-12-28,49560,50960,49500,50960,45847.14453,8985450
2018-01-02,49560,50960,49500,50960,45847.14453,8985450
2018-01-03,52540,52560,51420,51620,46440.92578,10013500
2018-01-04,52120,52180,50640,51080,45955.10547,11695450
2018-01-05,51300,52120,51200,52120,46890.75781,9481150
2018-01-08,52400,52520,51500,52020,46800.80078,8383650
2018-01-09,51460,51720,49980,50400,45343.33594,18013600
2018-01-10,50500,50520,48640,48840,43939.84766,18566800
2018-01-11,48200,49260,48020,48240,43400.04688,25123800
2018-01-12,48240,48480,46760,48200,43364.0625,27270450
2018-01-15,48800,48980,47920,48540,43669.94531,10096000
2018-01-16,48760,50140,48620,50000,44983.46094,20389650
2018-01-17,50020,50020,49060,49620,44641.58594,11053050
2018-01-18,50020,50640,49820,49900,44893.49219,14848850
2018-01-19,50380,50380,49040,49320,44371.6875,9219950
2018-01-22,48640,48680,47960,48240,43400.04688,12520900
2018-01-23,48660,49160,48300,49160,44227.73438,13532700
2018-01-24,48860,49700,48560,49340,44389.6875,9550500
2018-01-25,49220,50360,49160,50260,45217.37109,11160350
2018-01-26,50500,50780,49840,50780,45685.20313,10350100
2018-01-29,51200,51480,50900,51220,46081.0625,11838800
2018-01-30,50440,50640,49780,49800,44803.53125,12284550
2018-01-31,50020,54140,49600,49900,44893.49219,64681300
2018-02-01,50620,50960,49720,49820,44821.52344,27609450
2018-02-02,49380,49400,47700,47700,42914.22266,29260350
2018-02-05,46500,48320,46000,47920,43112.14844,28357900
2018-02-06,46600,47920,46580,47420,42662.31641,19406450
2018-02-07,48240,48260,45800,45800,41204.85156,23448050
2018-02-08,46120,46620,45980,46000,41384.78516,23251050
2018-02-09,44440,45180,44420,44700,40215.21875,17465000
2018-02-12,45100,46320,45040,45720,41132.87891,15754950
2018-02-13,46200,48060,46200,47540,42770.27734,18923250
2018-02-14,48080,49100,47940,49000,44083.79688,18905900
2018-02-19,49800,49800,47860,48380,43526,15353450
2018-02-20,48040,48160,47220,47400,42644.32031,10122600
2018-02-21,47280,47580,46840,47280,42536.35938,12880200
2018-02-22,47260,47260,46760,46760,42068.53125,8869950
2018-02-23,46760,47800,46760,47220,42482.38281,12423300
2018-02-26,47280,47560,47080,47380,42626.33203,9560650
2018-02-27,48360,48380,47380,47380,42626.33203,9830550
2018-02-28,47380,48100,47000,47060,42338.43359,15162350
2018-03-02,46580,46800,46000,46020,41402.78125,13265500
2018-03-05,45820,46160,45080,45200,40665.04688,14100950
2018-03-06,45920,47100,45820,47020,42302.44531,15423350
2018-03-07,48200,48900,47220,48620,43741.92578,21427050
2018-03-08,49200,49480,48080,49200,44263.73438,19463650
2018-03-09,49440,50540,49240,49740,44749.54688,14304400
2018-03-12,50560,50780,49580,49740,44749.54688,8688950
2018-03-13,50760,51660,50360,51660,46476.90625,20098700
2018-03-14,51020,52000,51000,51760,46566.88281,12713250
2018-03-15,52000,52020,51020,51540,46368.94922,8882450
2018-03-16,51220,51420,50240,51140,46009.08984,12184900
2018-03-19,50620,51340,50440,50740,45649.21875,8218850
2018-03-20,50700,51200,50100,51200,46063.05859,8193250
2018-03-21,51780,51780,51060,51060,45937.10938,8905200
2018-03-22,51060,51780,51040,51780,46584.87109,8454100
2018-03-23,50340,50720,49600,49720,44731.55859,14854950
2018-03-26,49420,50280,49040,50280,45235.375,10057750
2018-03-27,50320,50460,49080,49980,44965.47266,11874000
2018-03-28,49100,49100,48340,48700,43813.89453,15159450
2018-03-29,48700,49560,48320,49040,44442.83594,10067000
2018-03-30,49080,49900,49080,49220,44605.96094,7777100
2018-04-02,49000,49220,48500,48540,43989.70703,7115650
2018-04-03,47880,48140,47280,48120,43609.07422,12768250
2018-04-04,48160,48260,46920,46920,42521.57422,12384200
2018-04-05,47400,49380,47340,48740,44170.96094,13245600
2018-04-06,48000,48580,47400,48400,43862.83203,12532700
2018-04-09,48260,49440,48200,49200,44587.83594,9950400
2018-04-10,48540,49220,48040,48880,44297.83984,10984350
2018-04-11,49900,49900,48600,48860,44279.70313,10051100
2018-04-12,49440,49440,48880,49000,44406.58984,12466250
2018-04-13,49600,50180,49400,49800,45131.58984,10278300
2018-04-16,50320,50600,49860,50340,45620.96484,7877450
2018-04-17,50240,50540,49820,49980,45294.72266,7772000
2018-04-18,51000,51360,50580,51360,46545.34766,13462600
2018-04-19,52000,52980,51540,52780,47832.23828,17190550
2018-04-20,51800,52260,51420,51620,46780.98047,11761000
2018-04-23,51000,52080,51000,51900,47034.73438,11619000
2018-04-24,51840,51860,50080,50460,45729.71875,15770300
2018-04-25,49220,50500,49220,50400,45675.34766,16614600
2018-04-26,50420,52160,50400,52140,47252.23438,18046550
2018-04-27,53380,53640,52440,53000,48031.60938,30310800
2018-04-30,53000,53000,53000,53000,48031.60938,0
2018-05-02,53000,53000,53000,53000,48031.60938,0
2018-05-03,53000,53000,53000,53000,48031.60938,0
2018-05-04,53000,53900,51800,51900,47034.73438,39565391
2018-05-08,52600,53200,51900,52600,47669.11328,23104720
2018-05-09,52600,52800,50900,50900,46128.46875,16128305
2018-05-10,51700,51700,50600,51600,46762.85156,13905263
2018-05-11,52000,52200,51200,51300,46490.96875,10314997
2018-05-14,51000,51100,49900,50100,45403.46875,14909272
2018-05-15,50200,50400,49100,49200,44587.83594,18709146
2018-05-16,49200,50200,49150,49850,45176.90234,15918683
2018-05-17,50300,50500,49400,49400,44769.09375,10365440
2018-05-18,49900,49900,49350,49500,44859.70703,6706570
2018-05-21,49650,50200,49100,50000,45312.83984,9020998
2018-05-23,50600,52000,50400,51800,46944.10938,17095490
2018-05-24,52000,52000,51100,51400,46581.60156,8289275
2018-05-25,51000,52800,50800,52700,47759.73438,15207266
2018-05-28,52500,53000,52000,52300,47397.23047,9787820
2018-05-29,52200,52500,51300,51300,46490.96875,8480437
2018-05-30,51300,51500,49100,49500,44859.70703,20498098
2018-05-31,50400,50800,49850,50700,45947.21875,63491109
2018-06-01,50500,51700,49950,51300,46490.96875,13038499
2018-06-04,50800,51200,50700,51100,46309.73047,9767171
2018-06-05,51100,51400,50400,51300,46490.96875,9144100
2018-06-07,51800,51800,50500,50600,45856.58984,13590016
2018-06-08,50200,50400,49600,49650,44995.66016,16951706
2018-06-11,49750,50300,49350,49900,45222.21094,10571312
2018-06-12,49700,49800,49250,49400,44769.09375,12110569
2018-06-14,49000,49000,48200,48200,43681.57813,20971729
2018-06-15,48500,48700,47650,47650,43183.13281,17080892
2018-06-18,47600,47650,46200,46600,42231.57031,16661870
2018-06-19,47200,47350,46500,47000,42594.07031,15217971
2018-06-20,47450,47600,46850,47000,42594.07031,12959316
2018-06-21,47900,47900,47050,47050,42639.37891,10015541
2018-06-22,47000,47250,46200,47250,42820.63672,10298006
2018-06-25,47050,47050,46150,46650,42276.87891,10587711
2018-06-26,45900,47300,45900,47000,42594.07031,11223166
2018-06-27,47450,48500,47000,47950,43455.01953,15274752
2018-06-28,46850,47150,46600,46800,42728.26953,12784800
2018-06-29,46250,47150,46200,46650,42591.3125,14099635
2018-07-02,46500,47150,45500,45550,41587.03125,13112253
2018-07-03,45750,46450,45750,46150,42134.82031,10959655
2018-07-04,46700,47050,46050,46250,42226.12109,8776763
2018-07-05,46100,46550,45600,45950,41952.21484,7039773
2018-07-06,45500,45850,44650,44900,40993.57422,17843706
2018-07-09,45500,46100,45200,45600,41632.67188,11602464
2018-07-10,46200,46550,46100,46300,42271.76953,10528665
2018-07-11,46400,46450,45400,46000,41997.86719,11224077
2018-07-12,45900,46250,45450,45500,41541.36719,11828104
2018-07-13,45800,46500,45750,46500,42454.36719,11543389
2018-07-16,46800,46800,46000,46050,42043.51953,7678719
2018-07-17,46150,46200,45600,45850,41860.92188,8892953
2018-07-18,46700,47200,46450,46550,42500.01953,10952645
2018-07-19,47050,47200,46600,46900,42819.57422,9880128
2018-07-20,47000,47600,46700,47450,43321.71484,10474547
2018-07-23,47100,47200,46150,46500,42454.36719,10823782
2018-07-24,46350,46600,45950,46150,42134.82031,8261363
2018-07-25,46250,46550,45900,46150,42134.82031,7222471
2018-07-26,46100,47000,46000,46900,42819.57422,7374946
2018-07-27,46450,47000,46450,46900,42819.57422,4762460
2018-07-30,46550,46800,46350,46500,42454.36719,5723035
2018-07-31,46200,46450,46000,46250,42226.12109,8033607
2018-08-01,46050,46850,46050,46550,42500.01953,7484499
2018-08-02,46550,46800,45500,45550,41587.03125,8560924
2018-08-03,45850,45900,45450,45750,41769.625,8274944
2018-08-06,46150,46150,45750,45800,41815.26953,6771979
2018-08-07,46300,46750,45900,46700,42636.96875,9058174
2018-08-08,47000,47000,46550,46800,42728.26953,6429338
2018-08-09,47000,47050,46450,46900,42819.57422,12010886
2018-08-10,46150,46400,44850,45400,41450.07422,16670643
2018-08-13,44950,45100,44650,45050,41130.51953,9803831
2018-08-14,44850,45400,44850,45150,41221.82813,6409259
2018-08-16,43800,44650,43700,44250,40400.12109,10088229
2018-08-17,44050,44400,44050,44100,40263.17969,6808747
2018-08-20,43500,44200,43500,43850,40034.92969,7289124
2018-08-21,43700,44900,43700,44800,40902.27734,9520270
2018-08-22,45150,46200,44900,46100,42089.17578,11641656
2018-08-23,46150,46200,45700,46200,42180.47656,6730918
2018-08-24,45900,46400,45550,46150,42134.82031,6582535
2018-08-27,46100,46550,46000,46300,42271.76953,5263782
2018-08-28,46800,46950,46300,46550,42500.01953,7365976
2018-08-29,46750,46800,46400,46800,42728.26953,5572374
2018-08-30,46950,47950,46700,47650,43504.3125,12193231
2018-08-31,47100,48450,47000,48450,44234.71094,13577454
2018-09-03,48200,48300,47300,47450,43321.71484,8595084
2018-09-04,47550,47800,47200,47650,43504.3125,6791255
2018-09-05,47300,47450,46400,46600,42545.67188,9139998
2018-09-06,46200,46400,45800,46100,42089.17578,9040553
2018-09-07,44500,45200,44400,44900,40993.57422,18285508
2018-09-10,45450,45550,45000,45500,41541.36719,9979838
2018-09-11,45550,45900,45050,45050,41130.51953,9865790
2018-09-12,44900,45100,44500,44550,40674.03125,12995269
2018-09-13,44550,44750,44000,44050,40217.52344,18277942
2018-09-14,45000,45850,44900,45850,41860.92188,12446344
2018-09-17,45550,45800,44900,45150,41221.82813,8123384
2018-09-18,44950,45900,44700,45500,41541.36719,9987090
2018-09-19,46000,46200,45700,46150,42134.82031,9367454
2018-09-20,46850,47600,46400,47250,43139.11719,13536966
2018-09-21,46550,47550,46550,47400,43276.06641,14476906
2018-09-27,46950,47500,46450,47500,43693.68359,15804586
2018-09-28,47250,47250,46300,46450,42727.82422,11270515
2018-10-01,46450,46800,45800,46350,42635.83594,6354983
2018-10-02,46450,46700,45700,45700,42037.92578,6607188
2018-10-04,45150,45600,44700,44700,41118.05859,11865327
2018-10-05,44800,45500,44550,44700,41118.05859,10544165
2018-10-08,44200,45200,44200,44950,41348.02344,6759464
2018-10-10,45250,45500,44500,45300,41669.98047,10341349
2018-10-11,44000,44650,43100,43100,39646.27344,19324537
2018-10-12,43200,44650,43200,44000,40474.15234,12640906
2018-10-15,44050,44050,43350,43800,40290.17969,7434522
2018-10-16,43700,44150,43350,43600,40106.20313,6825677
2018-10-17,44150,44500,44000,44150,40612.13281,8306193
2018-10-18,43950,44450,43700,44050,40520.14453,8347725
2018-10-19,43900,44150,43450,43900,40382.16406,7842520
2018-10-22,43450,43950,43200,43550,40060.20703,8357648
2018-10-23,43300,43450,42550,43050,39600.27734,9531231
2018-10-24,43050,43100,42250,42550,39140.34375,13522825
2018-10-25,40600,41550,40550,41000,37714.55078,19338170
2018-10-26,41100,41300,40400,41000,37714.55078,14413864
2018-10-29,40850,41950,40550,41400,38082.49609,14460521
2018-10-30,41400,43000,41000,42350,38956.37109,14205190
2018-10-31,42900,43350,41700,42400,39002.35938,17621480
2018-11-01,42450,42950,42150,42150,38772.39844,13423132
2018-11-02,43050,44250,42800,44150,40612.13281,16517112
2018-11-05,43750,43800,42900,43800,40290.17969,9426777
2018-11-06,43750,43800,42950,43750,40244.1875,7713625
2018-11-07,43600,44500,43400,44000,40474.15234,11553998
2018-11-08,44900,45050,44050,44050,40520.14453,12617397
2018-11-09,44450,44850,43900,44300,40750.10547,7318500
2018-11-12,43850,45250,43700,45200,41577.99219,8552566
2018-11-13,43900,44500,43400,44500,40934.08984,9311126
2018-11-14,44500,44500,43800,44100,40566.14063,6783344
2018-11-15,44500,44500,43800,44100,40566.14063,6783344
2018-11-16,44600,44750,43700,44000,40474.15234,7777124
2018-11-19,44050,44250,43450,43650,40152.19922,7538720
2018-11-20,42450,43000,42100,42800,39370.30859,9420664
2018-11-21,41800,42300,41800,42100,38726.40234,10769589
2018-11-22,42000,42650,42000,42450,39048.35938,5970796
2018-11-23,42450,42600,41900,42400,39002.35938,5192638
2018-11-26,42150,42800,42100,42600,39186.33594,6613009
2018-11-27,42900,43100,42500,43050,39600.27734,8367091
2018-11-28,42800,43200,42750,43150,39692.26563,6943099
2018-11-29,43850,43850,42900,43150,39692.26563,8473511
2018-11-30,43450,44000,41750,41850,38496.44141,19775519
2018-12-03,42750,43400,42400,43250,39784.25391,12110702
2018-12-04,42650,42900,41900,42150,38772.39844,14347746
2018-12-05,40900,41750,40850,41450,38128.49219,12631983
2018-12-06,40600,41100,40450,40500,37254.62109,14251826
2018-12-07,40900,41400,40850,40950,37668.55859,11433083
2018-12-10,40450,40650,40000,40200,36978.66016,14892263
2018-12-11,40600,40700,40200,40250,37024.65234,10638766
2018-12-12,40250,40700,40150,40450,37208.62109,12024279
2018-12-13,40650,40750,40000,40000,36794.67578,26254646
2018-12-14,40200,40200,38700,38950,35828.82031,19671783
2018-12-17,38650,39600,38650,39150,36012.80078,11532968
2018-12-18,38300,39200,38300,38900,35782.82813,11042101
2018-12-19,38900,39350,38850,39100,35966.79688,9942037
2018-12-20,38600,39100,38500,38650,35552.86328,11937617
2018-12-21,38200,38650,38100,38650,35552.86328,14947080
2018-12-24,38500,39050,38300,38800,35690.84375,9729530
2018-12-26,38400,38750,38300,38350,35276.90234,12707675
2018-12-27,38700,38800,38100,38250,35512.72266,10510643
2018-12-28,38250,38900,38200,38700,35930.51953,9900267
2019-01-02,39400,39400,38550,38750,35976.94922,7847664
2019-01-03,38300,38550,37450,37600,34909.24609,12471493
2019-01-04,37450,37600,36850,37450,34769.98047,14108958
2019-01-07,38000,38900,37800,38750,35976.94922,12748997
2019-01-08,38000,39200,37950,38100,35373.46094,12756554
2019-01-09,38650,39600,38300,39600,36766.11719,17452708
2019-01-10,40000,40150,39600,39800,36951.80469,14731699
2019-01-11,40350,40550,39950,40500,37601.71484,11661063
2019-01-14,40450,40700,39850,40050,37183.91016,11984996
2019-01-15,40050,41100,39850,41100,38158.76953,11492756
2019-01-16,41150,41450,40700,41450,38483.72656,8491595
2019-01-17,41700,42100,41450,41950,38947.94531,11736903
2019-01-18,42000,42400,41950,42300,39272.89453,11029256
2019-01-21,42700,42750,41900,42750,39690.69531,11355701
2019-01-22,42750,42850,41850,42150,39133.63281,9964356
2019-01-23,41350,42250,41350,42000,38994.36719,11071079
2019-01-24,43050,43100,42350,43050,39969.22656,14747623
2019-01-25,44300,44750,43750,44750,41547.56641,22789395
2019-01-28,45000,45500,44600,45050,41826.10156,17998914
2019-01-29,45050,45500,44350,45500,42243.89453,16215017
2019-01-30,44800,46400,44800,46400,43079.48828,17505980
2019-01-31,46650,47050,46150,46150,42847.38281,21621145
2019-02-01,46650,46950,46250,46350,43033.07031,13832454
2019-02-07,46800,47100,46200,46200,42893.80469,15872001
2019-02-08,45700,45700,44650,44800,41593.99219,12689196
2019-02-11,44500,45000,44250,45000,41779.67578,11125044
2019-02-12,44650,46250,44650,46050,42754.53516,13184367
2019-02-13,46400,46700,46000,46200,42893.80469,11299738
2019-02-14,46600,47500,46150,47500,44100.76953,17259341
2019-02-15,46750,46850,45650,46050,42754.53516,10554643
2019-02-18,46500,46850,45850,46200,42893.80469,8183728
2019-02-19,45850,46150,45450,45950,42661.69141,6741395
2019-02-20,46750,47100,46500,46900,43543.71094,11506720
2019-02-21,46500,47200,46200,46950,43590.13281,8694009
2019-02-22,46500,47150,46450,47150,43775.82031,6895772
2019-02-25,47400,47550,47050,47350,43961.50391,7484716
2019-02-26,47350,47450,46500,46750,43404.44141,7985547
2019-02-27,47000,47250,46750,46750,43404.44141,8045211
2019-02-28,46400,46500,45100,45100,41872.52734,23569321
2019-03-04,46000,46100,44800,44850,41640.41797,12926539
2019-03-05,44600,45100,44150,44250,41083.34766,10612405
2019-03-06,44000,44300,43700,44000,40851.24609,10202544
2019-03-07,43400,44950,43400,44450,41269.03906,11049749
2019-03-08,44450,44800,43800,43800,40665.55859,7729069
2019-03-11,44400,44450,43650,43650,40526.28516,10717408
2019-03-12,44300,44950,44150,44650,41454.72266,11431977
2019-03-13,44250,44450,43700,43850,40711.97656,8108343
2019-03-14,43700,44300,43550,43850,40711.97656,18039161
2019-03-15,43800,44250,43700,44200,41036.92969,16814163
2019-03-18,43950,44150,43450,43700,40572.71094,8188876
2019-03-19,43750,43900,43550,43900,40758.39844,7609563
2019-03-20,43800,44200,43100,44050,40897.66797,9846242
2019-03-21,44600,46250,44050,45850,42568.84766,21138016
2019-03-22,46850,47000,46250,46550,43218.75781,12535911
2019-03-25,45300,45650,44800,45500,42243.89453,8699728
2019-03-26,45500,45700,44900,45250,42011.78516,9729811
2019-03-27,44750,45600,44250,45350,42104.625,9568081
2019-03-28,44950,45200,44300,44850,41968.01563,6821306
2019-03-29,44500,44900,44200,44650,41780.86328,11491713
2019-04-01,45200,45450,44850,45050,42155.16016,7362129
2019-04-02,45550,46100,45350,45750,42810.17578,9480688
2019-04-03,46750,46750,45800,46600,43605.55469,12436570
2019-04-04,46150,47100,46150,46950,43933.07031,12650168
2019-04-05,46950,47550,46600,46850,43839.49609,8546339
2019-04-08,47250,47250,46150,46650,43652.34766,8507909
2019-04-09,46700,46950,46200,46650,43652.34766,6878761
2019-04-10,46400,46700,46050,46700,43699.13672,11883995
2019-04-11,46700,46800,46150,46250,43278.04688,13697399
2019-04-12,46050,46900,46000,46850,43839.49609,7668936
2019-04-15,47150,47500,47000,47050,44026.64063,8733019
2019-04-16,47400,47400,46800,47250,44213.79688,7730881
2019-04-17,47300,47600,47000,47050,44026.64063,5513658
2019-04-18,47200,47250,45500,45600,42669.81641,12808747
2019-04-19,45750,46000,45250,45300,42389.09375,8479710
2019-04-22,45400,45900,45100,45350,42435.88281,6006957
2019-04-23,45050,45500,45000,45200,42295.52344,6920566
2019-04-24,45400,45650,44150,44750,41874.4375,13299267
2019-04-25,44250,45000,44100,44650,41780.86328,10868965
2019-04-26,44200,45000,43800,44850,41968.01563,9739982
2019-04-29,45150,46150,45100,46150,43184.47656,8777517
2019-04-30,46000,46300,45350,45850,42903.75781,11121273
2019-05-02,45500,46150,45400,45900,42950.53906,8625126
2019-05-03,45900,46050,45300,45300,42389.09375,6562916
2019-05-07,45250,45300,44400,44850,41968.01563,12014907
2019-05-08,44300,44850,44200,44250,41406.5625,10398754
2019-05-09,43900,44250,42450,42450,39722.23438,23029718
2019-05-10,42600,43450,42450,42900,40143.32422,14579512
2019-05-13,42500,43200,42350,42650,39909.37891,7635079
2019-05-14,41300,43100,41300,42650,39909.37891,11563730
2019-05-15,42700,43050,42550,42550,39815.80469,7670185
2019-05-16,42350,42400,41350,41550,38880.0625,13687828
2019-05-17,41950,42050,40850,41200,38552.55469,13357951
2019-05-20,41650,42100,41550,42000,39301.14844,15752397
2019-05-21,42600,43950,42350,43150,40377.25,18812133
2019-05-22,43700,43800,42400,43500,40704.76563,11033339
2019-05-23,43900,44000,43250,43850,41032.27344,12259006
2019-05-24,43800,43800,42400,42700,39956.16797,13966305
2019-05-27,42500,43000,42350,42650,39909.37891,8066669
2019-05-28,42550,42950,42150,42550,39815.80469,24506881
2019-05-29,41850,42100,41300,41800,39114,14930618
2019-05-30,42200,42700,42150,42550,39815.80469,11766018
2019-05-31,42600,42800,42150,42500,39769.01953,11365999
2019-06-03,42950,43900,42500,43800,40985.48438,15466580
2019-06-04,43400,43700,43000,43450,40657.96875,9913497
2019-06-05,44050,44200,43700,43900,41079.0625,12464135
2019-06-07,43600,44350,43450,44200,41359.78125,11683682
2019-06-10,44300,44850,44050,44800,41921.22656,8792182
2019-06-11,44800,45000,44550,44850,41968.01563,6664872
2019-06-12,44800,45050,44300,44600,41734.07422,8607439
2019-06-13,44200,44400,43400,43750,40938.69531,16906541
2019-06-14,43750,44150,43300,44000,41172.62891,9322873
2019-06-17,43750,44050,43400,43900,41079.0625,11890424
2019-06-18,43750,44500,43650,44350,41500.14453,7994928
2019-06-19,45450,45450,45000,45350,42435.88281,10417690
2019-06-20,44850,45500,44850,45500,42576.24219,7147785
2019-06-21,45750,45800,45200,45700,42763.39453,9454913
2019-06-24,45200,45800,45200,45500,42576.24219,6085066
2019-06-25,45200,45800,45200,45600,42669.81641,7076774
2019-06-26,45800,46000,45600,45700,42763.39453,9226097
2019-06-27,46000,46600,45750,46500,43851.66797,12603534
2019-06-28,47000,47000,46700,47000,44323.19141,12949231
2019-07-01,47350,47400,46250,46600,43945.97266,11383522
2019-07-02,46200,46900,45850,46250,43615.90234,8463073
2019-07-03,45750,46350,45200,45400,42814.31641,9669368
2019-07-04,45250,46200,45250,46000,43380.14063,6365573
2019-07-05,45950,45950,45250,45650,43050.07422,7235395
2019-07-08,44750,44800,44350,44400,41871.26953,7823843
2019-07-09,44850,45450,44700,45100,42531.40234,7646421
2019-07-10,45550,46150,45500,45550,42955.77344,9253930
2019-07-11,46350,46550,46150,46200,43568.75,10989751
2019-07-12,46350,46400,45800,46300,43663.05859,5245804
2019-07-15,45950,46650,45750,46450,43804.51563,4717226
2019-07-16,46450,46850,46300,46850,44181.73438,7407824
2019-07-17,46150,46350,45950,46050,43427.29688,5216602
2019-07-18,46450,46450,45650,46100,43474.44922,5143554
2019-07-19,46650,46950,46600,46800,44134.58203,8819393
2019-07-22,46800,47300,46600,47200,44511.80078,9009109
2019-07-23,47350,47550,47050,47300,44606.10547,9061381
2019-07-24,47100,47150,46250,46400,43757.35938,8756522
2019-07-25,47150,47200,46600,47200,44511.80078,8408838
2019-07-26,46650,47150,46550,47150,44464.65234,7873886
2019-07-29,46800,47050,46000,46100,43474.44922,6856846
2019-07-30,46300,46850,46300,46550,43898.82422,5551014
2019-07-31,46200,46600,45000,45350,42767.16406,12872916
2019-08-01,44900,45500,44850,45200,42625.71094,7811181
2019-08-02,44550,45500,44300,44950,42389.94531,12151374
2019-08-05,44350,44600,43600,43950,41446.90234,14214086
2019-08-06,42500,43800,42500,43500,41022.52734,15083824
2019-08-07,43600,43900,43100,43200,40739.61328,10002533
2019-08-08,43250,43500,42650,42650,40220.9375,16926881
2019-08-09,43250,43350,43050,43150,40692.46484,9685147
2019-08-12,44000,44000,43550,43700,41211.13672,8466169
2019-08-13,43500,43500,42950,43000,40551.00391,7276979
2019-08-14,43900,44250,43500,43700,41211.13672,8750135
2019-08-16,43800,43900,43300,43900,41399.74609,9528115
2019-08-19,44350,44350,43500,43600,41116.83203,6014218
2019-08-20,43950,44600,43550,44450,41918.42969,8434205
2019-08-21,44350,44800,44150,44500,41965.57031,6571717
2019-08-22,44500,44700,43850,44050,41541.20703,8061177
2019-08-23,43800,44200,43650,43950,41446.90234,5017381
2019-08-26,43050,43800,42950,43600,41116.83203,7954949
2019-08-27,43650,44200,43600,44050,41541.20703,16883932
2019-08-28,44100,44400,43750,44150,41635.51172,5758333
2019-08-29,44200,44200,43050,43400,40928.22266,10768862
2019-08-30,43750,44300,43750,44000,41494.05469,9899073
2019-09-02,44850,44850,43650,43800,41305.44141,7185537
2019-09-03,43550,43650,43100,43250,40786.76953,9774941
2019-09-04,43250,44100,43150,44100,41588.35156,12441837
2019-09-05,44800,46100,44450,45700,43097.23047,18297430
2019-09-06,46500,46500,45850,46300,43663.05859,9896562
2019-09-09,46450,47000,46300,46900,44228.89063,9434157
2019-09-10,47100,47200,46550,47000,44323.19141,9231792
2019-09-11,47300,47400,46800,47150,44464.65234,16141619
2019-09-16,47000,47100,46400,47100,44417.49609,15550926
2019-09-17,47000,47100,46800,46900,44228.89063,7006280
2019-09-18,46900,47700,46800,47700,44983.32813,10413027
2019-09-19,48050,49200,47850,49150,46350.74219,16461413
2019-09-20,49400,49600,49100,49200,46397.89844,15460210
2019-09-23,49250,49300,49000,49300,46492.19531,7568553
2019-09-24,49050,49650,48850,49500,46680.80859,7871955
2019-09-25,49200,49350,48800,48900,46114.98047,9187141
2019-09-26,49000,49250,48900,49200,46397.89844,8494756
2019-09-27,48000,48700,48000,48400,45974.24609,8048041
2019-09-30,48050,49250,47900,49050,46591.66797,9497119
2019-10-01,48900,49100,48650,48850,46401.69141,6206035
2019-10-02,48350,48400,47600,47600,45214.34375,8382463
2019-10-04,47400,48650,47350,48000,45594.29297,9331695
2019-10-07,48350,48700,47650,47750,45356.82031,7047273
2019-10-08,47900,49000,47600,48900,46449.1875,14239367
2019-10-10,48200,49200,48000,48550,46116.72656,18639855
2019-10-11,49000,49450,48800,49150,46686.65625,7783275
2019-10-14,50000,50300,49850,50000,47494.05859,11130635
2019-10-15,49900,50200,49900,50100,47589.04297,6058105
2019-10-16,50700,50900,50400,50700,48158.97266,9136282
2019-10-17,50500,50600,50100,50500,47969,6701380
2019-10-18,50300,50900,49650,49900,47399.06641,8483106
2019-10-21,49900,50400,49800,50300,47779.01953,4406531
2019-10-22,50800,51500,50700,51200,48633.91016,10898729
2019-10-23,51300,51500,50800,51200,48633.91016,8663880
2019-10-24,52500,52500,50500,50700,48158.97266,21185785
2019-10-25,50800,51200,50500,50900,48348.94922,7879897
2019-10-28,50700,51500,50700,51300,48728.90234,6431522
2019-10-29,51400,51700,50800,51100,48538.92578,7581629
2019-10-30,50700,50800,50200,50400,47874.00781,8959435
2019-10-31,51000,51400,50300,50400,47874.00781,10304777
2019-11-01,50600,51200,50400,51200,48633.91016,8467846
2019-11-04,51700,52300,51400,52300,49678.78125,13012411
2019-11-05,52400,52700,52100,52700,50058.73438,10581034
2019-11-06,52900,53500,52700,53300,50628.66406,14361133
2019-11-07,53400,53400,52400,52900,50248.71094,9257116
2019-11-08,53200,53300,52000,52100,49488.80859,11603290
2019-11-11,52200,52200,51400,51600,49013.86328,8185952
2019-11-12,51800,52600,51600,52600,49963.74609,6576148
2019-11-13,52500,52500,52000,52500,49868.75781,6225196
2019-11-14,52500,52500,52000,52500,49868.75781,6225196
2019-11-15,52900,53700,52600,53700,51008.62109,9703360
2019-11-18,53600,53800,53200,53500,50818.64063,7746554
2019-11-19,53200,53500,52700,53500,50818.64063,8907177
2019-11-20,53400,53400,52000,52000,49393.81641,12560070
2019-11-21,51600,52100,50600,51000,48443.9375,14298646
2019-11-22,51000,51600,50900,51600,49013.86328,8478310
2019-11-25,52200,52600,51700,51800,49203.84375,9050625
2019-11-26,51900,52900,51800,51800,49203.84375,27372226
2019-11-27,51800,52300,51600,52200,49583.79297,7546261
2019-11-28,51900,52100,51300,51300,48728.90234,6833885
2019-11-29,51200,51400,50200,50300,47779.01953,11179334
2019-12-02,50900,51300,50400,50400,47874.00781,18877252
2019-12-03,49800,50300,49500,49900,47399.06641,12059812
2019-12-04,49600,49850,49000,49450,46971.62109,13246549
2019-12-05,50200,50400,49500,49500,47019.11719,10449715
2019-12-06,50100,50900,49950,50400,47874.00781,11414563
2019-12-09,50900,51400,50700,51200,48633.91016,8470627
2019-12-10,51000,51600,50700,51500,48918.87891,6882771
2019-12-11,51500,52200,51400,51900,49298.82813,11379521
2019-12-12,53000,53300,52700,53300,50628.66406,29178697
2019-12-13,54500,54800,53900,54700,51958.5,18120261
2019-12-16,54500,54900,54300,54700,51958.5,11512405
2019-12-17,55800,56700,55400,56700,53858.26172,19358433
2019-12-18,56700,57200,56000,56300,53478.3125,15558208
2019-12-19,57000,57300,55500,56000,53193.34766,14180520
2019-12-20,56100,56500,55600,56000,53193.34766,12095519
2019-12-23,56100,56400,55100,55500,52718.40234,9839252
2019-12-24,55600,55700,54800,55000,52243.46875,11868463
2019-12-26,54700,55400,54400,55400,52623.41797,9645034
2019-12-27,55700,56900,55500,56500,54013.42578,12313056
2019-12-30,56200,56600,55700,55800,53344.23438,8356767
2020-01-02,55500,56000,55000,55200,52770.64063,12993228
2020-01-03,56000,56600,54900,55500,53057.43359,15422255
2020-01-06,54900,55600,54600,55500,53057.43359,10278951
2020-01-07,55700,56400,55600,55800,53344.23438,10009778
2020-01-08,56200,57400,55900,56800,54300.21875,23501171
2020-01-09,58400,58600,57400,58600,56021.00391,24102579
2020-01-10,58800,59700,58300,59500,56881.39063,16000170
2020-01-13,59600,60000,59100,60000,57359.39063,11359139
2020-01-14,60400,61000,59900,60000,57359.39063,16906295
2020-01-15,59500,59600,58900,59000,56403.39844,14300928
2020-01-16,59100,60700,59000,60700,58028.57813,14381774
2020-01-17,61900,62000,61000,61300,58602.17969,16025661
2020-01-20,62000,62800,61700,62400,59653.76563,12528855
2020-01-21,62000,62400,61200,61400,58697.77734,11142693
2020-01-22,60500,62600,60400,62300,59558.16797,15339565
2020-01-23,61800,61800,60700,60800,58124.17969,14916555
2020-01-28,59400,59400,58300,58800,56212.19922,23664541
2020-01-29,59100,59700,58800,59100,56499,16446102
2020-01-30,58800,58800,56800,57200,54682.61719,20821939
2020-01-31,57800,58400,56400,56400,53917.82813,19749457
2020-02-03,55500,57400,55200,57200,54682.61719,23995260
2020-02-04,57100,59000,56800,58900,56307.80469,21800192
2020-02-05,60000,60200,58900,59500,56881.39063,19278165
2020-02-06,60100,61100,59700,61100,58410.97656,14727159
2020-02-07,61100,61200,59700,60400,57741.78516,16402493
2020-02-10,59200,59800,59100,59700,57072.58984,13107121
2020-02-11,59800,60700,59700,59900,57263.78906,11071231
2020-02-12,60300,60700,59700,60500,57837.37891,12904207
2020-02-13,61200,61600,60500,60700,58028.57813,18449775
2020-02-14,60900,61900,60200,61800,59080.17188,13276067
2020-02-17,61600,62000,61200,61500,58793.375,8740596
2020-02-18,60800,60900,59700,59800,57168.19141,16674266
2020-02-19,59800,60400,59400,60200,57550.58984,12951496
2020-02-20,60700,61300,59600,60000,57359.39063,14591924
2020-02-21,58800,59800,58500,59200,56594.59375,13777393
2020-02-24,57400,58100,56800,56800,54300.21875,25627537
2020-02-25,56200,58000,56200,57900,55351.80859,23885408
2020-02-26,56000,57000,56000,56500,54013.42578,25483102
2020-02-27,56300,56900,55500,55900,53439.83203,23209541
2020-02-28,55000,55500,54200,54200,51814.64844,30054227
2020-03-02,54300,55500,53600,55000,52579.44531,30403412
2020-03-03,56700,56900,55100,55400,52961.83984,30330295
2020-03-04,54800,57600,54600,57400,54873.81641,24765728
2020-03-05,57600,58000,56700,57800,55256.21094,21698990
2020-03-06,56500,57200,56200,56500,54013.42578,18716656
2020-03-09,56500,56500,56500,56500,54013.42578,0
2020-03-10,53800,54900,53700,54600,52197.04688,32106554
2020-03-11,54300,54400,52000,52100,49807.07031,45707281
2020-03-12,52100,52100,52100,52100,49807.07031,0
2020-03-13,47450,51600,46850,49950,47751.69141,59462933
2020-03-16,50100,50900,48800,48900,46747.90234,33339821
2020-03-17,46900,49650,46700,47300,45218.32031,51218151
2020-03-18,47750,48350,45600,45600,43593.13672,40152623
2020-03-19,46400,46650,42300,42950,41059.75781,56925513
2020-03-20,44150,45500,43550,45400,43401.9375,49730008
2020-03-23,42600,43550,42400,42500,40629.57031,41701626
2020-03-24,43850,46950,43050,46950,44883.72266,49801908
2020-03-25,48950,49600,47150,48650,46508.90625,52735922
2020-03-26,49000,49300,47700,47800,45696.31641,42185129
2020-03-27,49600,49700,46850,48300,46174.3125,39896178
2020-03-30,47050,48350,46550,47850,46081.85547,26797395
2020-03-31,48000,48500,47150,47750,45985.54688,30654261
2020-04-01,47450,47900,45800,45800,44107.60547,27259532
2020-04-02,46200,46850,45350,46800,45070.65625,21621076
2020-04-03,47400,47600,46550,47000,45263.26563,22784682
2020-04-06,47500,48800,47250,48700,46900.44531,23395726
2020-04-07,49650,50200,49000,49600,47767.19141,31524034
2020-04-08,49600,49750,48600,48600,46804.14063,25010314
2020-04-09,49750,49800,48700,49100,47285.66406,22628058
2020-04-10,48950,49250,48650,49250,47430.12109,17839111
2020-04-13,48650,48900,48300,48300,46515.23047,14431800
2020-04-14,48800,49200,48300,49000,47189.35938,14206216
2020-04-16,49350,49350,48550,49000,47189.35938,23349760
2020-04-17,50800,52000,50300,51400,49500.67188,32041675
2020-04-20,51400,51400,50000,50100,48248.71094,21866354
2020-04-21,49400,49700,48700,49250,47430.12109,27407543
2020-04-22,48700,50000,48350,49850,48007.95313,18613864
2020-04-23,50200,50300,49500,49850,48007.95313,18754442
2020-04-24,49650,49750,49000,49350,47526.42578,15618347
2020-04-27,49350,50000,49100,49850,48007.95313,14049471
2020-04-28,49850,50100,49300,50100,48248.71094,16095399
2020-04-29,49900,50500,49600,50000,48152.41016,15604533
2020-05-04,48900,49100,48500,48500,46707.83984,26083749
2020-05-06,49000,49200,48500,49200,47381.97266,18070225
2020-05-07,49200,49300,48700,48800,46996.75,13884411
2020-05-08,49100,49350,48800,48800,46996.75,15319700
2020-05-11,48900,49250,48300,48400,46611.53125,16357743
2020-05-12,48400,48500,47550,47900,46130.01172,23433590
2020-05-13,47250,48550,47200,48550,46755.98828,20223277
2020-05-14,47750,48100,47650,48000,46226.3125,19305974
2020-05-15,48400,48450,47700,47850,46081.85547,18463118
2020-05-18,47950,49100,47600,48800,46996.75,20481981
2020-05-19,50100,50500,49700,50300,48441.32031,25168295
2020-05-20,50000,50200,49800,50000,48152.41016,14896899
2020-05-21,50300,50400,49850,49950,48104.25391,14949266
2020-05-22,49600,49800,48600,48750,46948.59766,19706284
2020-05-25,48750,48900,48450,48850,47044.90234,14337913
2020-05-26,48700,49450,48600,49250,47430.12109,15127490
2020-05-27,48950,50000,48800,49900,48056.10156,19548479
2020-05-28,51100,51200,49900,50400,48537.62891,31309318
2020-05-29,50000,50700,49700,50700,48826.54297,27596961
2020-06-01,50800,51200,50600,51200,49308.0625,16949183
2020-06-02,51000,51500,50800,51400,49500.67188,14247933
2020-06-03,51800,55000,51700,54500,52486.125,49257814
2020-06-04,55800,57000,54600,54600,52582.43359,40220334
2020-06-05,54400,55900,54000,55500,53449.17188,22743629
2020-06-08,56400,56500,54700,54900,52871.34375,25634965
2020-06-09,55800,56500,54400,55500,53449.17188,23998831
2020-06-10,55100,55900,54900,55400,53352.87109,16742493
2020-06-11,54500,55100,53200,54300,52293.51563,33815123
2020-06-12,52100,52800,51500,52300,50367.41797,26976019
2020-06-15,51400,52000,49900,49900,48056.10156,28772921
2020-06-16,51200,52100,50600,52100,50174.80859,21808375
2020-06-17,52100,52900,51300,52200,50271.11328,26672595
2020-06-18,52200,52300,51600,52300,50367.41797,15982926
2020-06-19,52600,52900,51600,52900,50945.24609,18157985
2020-06-22,52000,52600,51800,52000,50078.50391,13801350
2020-06-23,52500,52800,51100,51400,49500.67188,18086152
2020-06-24,51900,53900,51600,52900,50945.24609,24519552
2020-06-25,52100,53000,51900,51900,49982.19922,18541624
2020-06-26,52800,53900,52200,53300,51330.46875,21575360
2020-06-29,52500,53200,52000,52400,50801.125,17776925
2020-06-30,53900,53900,52800,52800,51188.92188,21157172
2020-07-01,53400,53600,52400,52600,50995.02344,16706143
2020-07-02,52100,52900,52100,52900,51285.87109,14142583
2020-07-03,53000,53600,52700,53600,51964.51172,11887868
2020-07-06,54000,55000,53800,55000,53321.79297,19856623
2020-07-07,55800,55900,53400,53400,51770.61328,30760032
2020-07-08,53600,53900,52900,53000,51382.81641,19664652
2020-07-09,53200,53600,52800,52800,51188.92188,17054850
2020-07-10,53100,53200,52300,52700,51091.97266,13714746
2020-07-13,53300,53800,53100,53400,51770.61328,12240188
2020-07-14,53700,53800,53200,53800,52158.40625,14269484
2020-07-15,54400,55000,54300,54700,53030.94531,24051450
2020-07-16,54800,54800,53800,53800,52158.40625,16779127
2020-07-17,54200,54700,54100,54400,52740.10156,10096174
2020-07-20,54800,54800,54000,54200,52546.20313,10507530
2020-07-21,55200,55400,54800,55300,53612.63672,18297260
2020-07-22,55300,55500,54700,54700,53030.94531,12885057
2020-07-23,54700,54700,53800,54100,52449.25391,16214932
2020-07-24,54000,54400,53700,54200,52546.20313,10994535
2020-07-27,54300,55700,54300,55600,53903.48438,21054421
2020-07-28,57000,58800,56400,58600,56811.94531,48431566
2020-07-29,60300,60400,58600,59000,57199.74219,36476611
2020-07-30,59700,60100,59000,59000,57199.74219,19285354
2020-07-31,59500,59600,57700,57900,56133.30469,21943345
2020-08-03,57800,57900,56700,56800,55066.86719,21158940
2020-08-04,57200,58100,57000,57300,55551.61328,19419694
2020-08-05,57300,57500,56300,56900,55163.82031,17739706
2020-08-06,57100,58400,57100,58000,56230.25391,21625874
2020-08-07,57900,58400,57100,57500,55745.51172,18751717
2020-08-10,57600,58300,57500,57800,56036.35547,17774291
2020-08-11,58000,59500,57800,58200,56424.15234,24907912
2020-08-12,58200,59000,57700,59000,57199.74219,18573934
2020-08-13,59400,59600,58000,58700,56908.89844,22089460
2020-08-14,58000,58400,57700,58000,56230.25391,15672548
2020-08-18,58900,59900,58000,58400,56618.04688,25307825
2020-08-19,59000,59200,57800,57800,56036.35547,16930719
2020-08-20,57600,57600,55300,55400,53709.58984,30386029
2020-08-21,56200,56900,55800,55900,54194.33203,21142288
2020-08-24,55800,56600,55400,56100,54388.22656,15055896
2020-08-25,56400,56800,56100,56400,54679.07813,14021705
2020-08-26,56400,56500,55700,56400,54679.07813,17651593
2020-08-27,56300,56300,55600,55600,53903.48438,16196568
2020-08-28,56100,56300,55400,55400,53709.58984,14619888
2020-08-31,56000,56100,54000,54000,52352.30469,32671367
2020-09-01,54100,54800,54100,54200,52546.20313,19363117
2020-09-02,54600,55100,54100,54400,52740.10156,16905723
2020-09-03,55600,56700,55500,56400,54679.07813,28384920
2020-09-04,55200,55800,55100,55600,53903.48438,22139109
2020-09-07,56100,57300,55800,56500,54776.02344,18685880
2020-09-08,57400,58700,57200,58700,56908.89844,31517520
2020-09-09,58200,59300,57800,58400,56618.04688,30597399
2020-09-10,59900,60000,59100,59200,57393.63672,29923293
2020-09-11,59300,59400,58200,59000,57199.74219,16017098
2020-09-14,60200,60800,59900,60400,58557.02344,20648281
2020-09-15,60900,61000,60500,61000,59138.71484,17877075
2020-09-16,61100,61300,60600,61000,59138.71484,17041444
2020-09-17,60700,60800,59300,59500,57684.48438,25108356
2020-09-18,59800,59900,59100,59300,57490.58594,18884571
2020-09-21,59100,60000,59000,59200,57393.63672,15140387
2020-09-22,59100,59700,57800,58200,56424.15234,20830381
2020-09-23,58400,58800,57400,58600,56811.94531,20111398
2020-09-24,57700,58600,57600,57800,56036.35547,17564020
2020-09-25,57700,58200,57700,57900,56133.30469,11444683
2020-09-28,58300,58800,57900,58200,56771.25,12614080
2020-09-29,58300,59000,58200,58200,56771.25,15503563
2020-10-05,57500,59200,57500,58700,57258.97656,20228289
2020-10-06,59400,59900,58700,59000,57551.61328,14463826
2020-10-07,58700,59900,58500,59900,58429.51953,14861838
2020-10-08,60500,60700,59500,59700,58234.42969,24589924
2020-10-12,60000,60400,59900,60400,58917.24219,16145837
2020-10-13,61000,61400,60400,60900,59404.96875,19247631
2020-10-14,61000,61100,60500,60900,59404.96875,16086716
2020-10-15,60700,60800,59700,60000,58527.0625,17756232
2020-10-16,60000,60400,59000,59500,58039.33594,16554190
2020-10-19,59600,60200,59500,60000,58527.0625,14474985
2020-10-20,60300,60900,60100,60900,59404.96875,19326115
2020-10-21,61200,61500,60600,60900,59404.96875,15703443
2020-10-22,60300,60500,59800,60100,58624.60938,14294095
2020-10-23,60400,60400,59800,60200,58722.15234,9322232
2020-10-26,60400,61100,60100,60400,58917.24219,13268226
2020-10-27,60300,60300,59500,59800,58331.97266,17260416
2020-10-28,59400,59400,58800,59000,57551.61328,14428882
2020-10-29,58200,58500,57500,58100,56673.70703,22636966
2020-10-30,58000,58000,56600,56600,55210.53125,26907844
2020-11-02,56400,57500,56000,57400,55990.89063,20489076
2020-11-03,57900,58900,57600,58800,57356.52344,14950919
2020-11-04,58900,59000,57800,58500,57063.88672,21718561
2020-11-05,59000,60300,58800,60300,58819.69922,20639475
2020-11-06,60700,60800,59600,60100,58624.60938,16910230
2020-11-09,60700,60900,60100,60200,58722.15234,15892961
2020-11-10,60500,60500,59500,60200,58722.15234,19073552
2020-11-11,60700,61400,60400,61300,59795.14844,25628510
2020-11-12,61000,61400,60700,61000,59502.51563,19800573
2020-11-13,61300,63200,61000,63200,61648.50781,31508829
2020-11-16,64000,66700,63900,66300,64672.40625,36354334
2020-11-17,67000,67000,65600,65700,64087.13281,30204089
2020-11-18,65700,66200,64700,64800,63209.22656,22963790
2020-11-19,64100,64800,63900,64600,63014.13672,16590290
2020-11-20,63900,65200,63900,64700,63111.68359,15068682
2020-11-23,64800,67800,64700,67500,65842.94531,27134398
2020-11-24,67900,69500,67000,67700,66038.03906,32158235
2020-11-25,67900,68300,66500,66600,64965.03906,32447065
2020-11-26,66100,68000,66000,68000,66330.67188,19023323
2020-11-27,68000,68400,67600,68200,66525.76563,14063434
2020-11-30,68400,68600,66700,66700,65062.58594,43811016
2020-12-01,67100,68300,67100,67800,66135.57813,22327173
2020-12-02,68400,69900,68300,69500,67793.85156,29703942
2020-12-03,70100,70500,69300,69700,67988.9375,23677989
2020-12-04,70400,72100,70100,71500,69744.75,28130533
2020-12-07,72400,73500,71900,72900,71110.38281,28490496
2020-12-08,72200,72900,71600,71700,69939.84375,25000338
2020-12-09,72100,73900,72000,73900,72085.83594,24077996
2020-12-10,72700,73800,72500,72900,71110.38281,39882928
2020-12-11,73500,73800,73100,73400,71598.10938,18486672
2020-12-14,73600,74500,73200,73800,71988.28906,21510415
2020-12-15,73800,74100,73300,73800,71988.28906,20863671
2020-12-16,74100,74500,73400,73800,71988.28906,17512081
2020-12-17,73400,73700,72600,73300,71500.5625,24293214
2020-12-18,73300,73700,73000,73000,71207.92969,17613029
2020-12-21,73100,73400,72000,73000,71207.92969,20367355
2020-12-22,72500,73200,72100,72300,70525.10938,16304910
2020-12-23,72400,74000,72300,73900,72085.83594,19411326
2020-12-24,74100,78800,74000,77800,75890.09375,32502870
2020-12-28,79000,80100,78200,78700,76768,40085044
2020-12-29,78800,78900,77300,78300,78300,30339449
2020-12-30,77400,81300,77300,81000,81000,29417421
2021-01-04,81000,84400,80200,83000,83000,38655276
2021-01-05,81600,83900,81600,83900,83900,35335669
2021-01-06,83300,84500,82100,82200,82200,42089013
2021-01-07,82800,84200,82700,82900,82900,32644642
2021-01-08,83300,90000,83000,88800,88800,59013307
2021-01-11,90000,96800,89500,91000,91000,90306177
2021-01-12,90300,91400,87800,90600,90600,48682416
2021-01-13,89800,91200,89100,89700,89700,36068848
2021-01-14,88700,90000,88700,89700,89700,26393970
2021-01-15,89800,91800,88000,88000,88000,33431809
2021-01-18,86600,87300,84100,85000,85000,43227951
2021-01-19,84500,88000,83600,87000,87000,39895044
2021-01-20,89000,89000,86500,87200,87200,25211127
2021-01-21,87500,88600,86500,88100,88100,25318011
2021-01-22,89000,89700,86800,86800,86800,30861661
2021-01-25,87000,89900,86300,89400,89400,27258534
2021-01-26,88800,89200,86500,86700,86700,33178936
2021-01-27,86600,87700,85600,85600,85600,26423070
2021-01-28,83200,85600,83200,83700,83700,31859808
2021-01-29,84500,85000,82000,82000,82000,39615978
2021-02-01,81700,83400,81000,83000,83000,28046832
2021-02-02,84100,86400,83700,84400,84400,26302077
2021-02-03,84800,85400,83400,84600,84600,22112205
2021-02-04,83500,83800,82100,82500,82500,24171688
2021-02-05,83100,84000,82500,83500,83500,18036835
2021-02-08,83800,84200,83000,83000,83000,15338765
2021-02-09,84000,84800,82700,82700,82700,20898332
2021-02-10,82600,82600,81600,81600,81600,23025766
2021-02-15,83800,84500,83300,84200,84200,23529706
2021-02-16,84500,86000,84200,84900,84900,20483100
2021-02-17,83900,84200,83000,83200,83200,18307735
2021-02-18,83200,83600,82100,82100,82100,21327683
2021-02-19,82300,82800,81000,82600,82600,25880879
2021-02-22,83800,84200,82200,82200,82200,25419886
2021-02-23,81200,82900,81100,82000,82000,20587314
2021-02-24,81800,83600,81300,82000,82000,26807651
2021-02-25,84000,85400,83000,85300,85300,34155986
2021-02-26,82800,83400,82000,82500,82500,38520800
2021-03-02,85100,85300,83000,83600,83600,33498180
2021-03-03,83500,84000,82800,84000,84000,19882132
2021-03-04,82600,83200,82200,82400,82400,24348331
2021-03-05,81100,82600,81100,82100,82100,20508971
2021-03-08,82900,83000,81600,82000,82000,17641256
2021-03-09,81400,81900,80600,81400,81400,25420764
2021-03-10,82400,82500,80700,80900,80900,20038422
2021-03-11,81000,82500,81000,82000,82000,23818297
2021-03-12,83100,83500,82400,82800,82800,13530573
2021-03-15,82800,82900,81800,81800,81800,13735798
2021-03-16,82200,83000,82100,82800,82800,12293537
2021-03-17,82800,82900,82000,82300,82300,11625146
2021-03-18,82800,83800,82600,82900,82900,18585244
2021-03-19,82100,82500,81800,81900,81900,15869700
2021-03-22,82000,82300,81700,82000,82000,12670506
2021-03-23,82600,82900,81800,81800,81800,13299907
2021-03-24,81000,81600,80700,81000,81000,17926638
2021-03-25,81000,82100,80800,81200,81200,14758826
2021-03-26,81400,81600,81000,81500,81500,12845778
2021-03-29,81700,81700,81000,81600,81600,14952134
2021-03-30,81600,82300,81300,82200,82200,13121698
2021-03-31,82400,82700,81400,81400,81400,17240518
2021-04-01,82500,83000,82000,82900,82900,18408779
